{
  "itstheeverydaysonic.nano.mask.close": {
    "category": "player",
    "sounds": [
      "itstheeverydaysonic/nano_mask_close"
    ]
  },
  "itstheeverydaysonic.nano.mask.close.short": {
    "category": "player",
    "sounds": [
      "itstheeverydaysonic/nano_mask_close_short"
    ]
  },
  "itstheeverydaysonic.nano.mask.open": {
    "category": "player",
    "sounds": [
      "itstheeverydaysonic/nano_mask_open"
    ]
  },
  "itstheeverydaysonic.nano.mask.open.short": {
    "category": "player",
    "sounds": [
      "itstheeverydaysonic/nano_mask_open_short"
    ]
  },
  "itstheeverydaysonic.angel.sprint": {
    "category": "player",
    "sounds": [
      "itstheeverydaysonic/angel/sprint1",
      "itstheeverydaysonic/angel/sprint2",
      "itstheeverydaysonic/angel/sprint3",
      "itstheeverydaysonic/angel/sprint4"
    ]
  },
  "itstheeverydaysonic.kittyquick.sprint": {
    "category": "player",
    "sounds": [
      "itstheeverydaysonic/kittyquick/sprint1",
      "itstheeverydaysonic/kittyquick/sprint2",
      "itstheeverydaysonic/kittyquick/sprint3",
      "itstheeverydaysonic/kittyquick/sprint4",
      "itstheeverydaysonic/kittyquick/sprint5"
    ]
  }
}