{
  "itskittyyoutube.nano.mask.close": {
    "category": "player",
    "sounds": [
      "itskittyyoutube/nanomask/nano_mask_close"
    ]
  },
  "itskittyyoutube.nano.mask.close.short": {
    "category": "player",
    "sounds": [
      "itskittyyoutube/nanomask/nano_mask_close_short"
    ]
  },
  "itskittyyoutube.nano.mask.open": {
    "category": "player",
    "sounds": [
      "itskittyyoutube/nanomask/nano_mask_open"
    ]
  },
  "itskittyyoutube.nano.mask.open.short": {
    "category": "player",
    "sounds": [
      "itskittyyoutube/nanomask/nano_mask_open_short"
    ]
  },
  "itskittyyoutube.angel.sprint": {
    "category": "player",
    "sounds": [
      "itskittyyoutube/angel/sprint1",
      "itskittyyoutube/angel/sprint2",
      "itskittyyoutube/angel/sprint3",
      "itskittyyoutube/angel/sprint4"
    ]
  },
  "itskittyyoutube.kittyquick.sprint": {
    "category": "player",
    "sounds": [
      "itskittyyoutube/kittyquick/sprint1",
      "itskittyyoutube/kittyquick/sprint2",
      "itskittyyoutube/kittyquick/sprint3",
      "itskittyyoutube/kittyquick/sprint4",
      "itskittyyoutube/kittyquick/sprint5"
    ]
  },
  "itskittyyoutube.nano.suit.toggle": {
    "category": "player",
    "sounds": [
      "itskittyyoutube/nanosuit/nano_suit_toggle"
    ]
  },
  "itskittyyoutube.flicker.speedforce": {
    "category": "player",
    "sounds": [
      {
      "name": "itskittyyoutube/speedforce/flicker_speedforce",
      "stream": true
      }
    ]
  } 
}